Connector , Pin  FPGA Pin
J2        , 0    ""
J2        , 1    ""
J2        , 2    ""
J2        , 3    ""
J2        , 4    ""
J2        , 5    ""
J2        , 6    ""
J2        , 7    ""
J2        , 8    ""
J2        , 9    ""
J2        , 10   ""
J2        , 11   ""
J2        , 12   ""
J2        , 13   ""
J2        , 14   ""
J2        , 15   ""
J2        , 16   ""
J2        , 17   ""
J2        , 18   ""
J2        , 19   ""
J2        , 20   ""
J2        , 21   ""
J2        , 22   ""
J2        , 23   ""
J2        , 24   ""
J2        , 25   ""
J2        , 26   ""
J2        , 27   ""
J2        , 28   ""
J2        , 29   ""
J2        , 30   ""
J2        , 31   ""
J2        , 32   ""
J2        , 33   ""
J2        , 34   ""
J2        , 35   ""
J2        , 36   ""
J2        , 37   ""
J2        , 38   ""
J2        , 39   ""
J2        , 40   ""
J2        , 41   ""
J2        , 42   ""
J2        , 43   T16
J2        , 44   ""
J2        , 45   R16
J2        , 46   ""
J2        , 47   ""
J2        , 48   ""
J2        , 49   Y4
J2        , 50   AA4
J2        , 51   ""
J2        , 52   ""
J2        , 53   ""
J2        , 54   ""
J2        , 55   ""
J2        , 56   ""
J2        , 57   V13
J2        , 58   T22
J2        , 59   ""
J2        , 60   ""
J2        , 61   U12
J2        , 62   U13
J2        , 63   W15
J2        , 64   AB18
J2        , 65   ""
J2        , 66   ""
J2        , 67   J19
J2        , 68   AA13
J2        , 69   J20
J2        , 70   AB13
J2        , 71   ""
J2        , 72   ""
J2        , 73   H17
J2        , 74   AA14
J2        , 75   G18
J2        , 76   AB14
J2        , 77   ""
J2        , 78   ""
J2        , 79   K18
J2        , 80   W13
J2        , 81   K17
J2        , 82   Y13
J2        , 83   ""
J2        , 84   ""
J2        , 85   M19
J2        , 86   AA15
J2        , 87   M20
J2        , 88   AB15
J2        , 89   ""
J2        , 90   ""
J2        , 91   N21
J2        , 92   AA16
J2        , 93   N22
J2        , 94   AB16
J2        , 95   ""
J2        , 96   ""
J2        , 97   H19
J2        , 98   AA17
J2        , 99   H20
J2        , 100  AB17
J2        , 101  ""
J2        , 102  ""
J2        , 103  M21
J2        , 104  AA20
J2        , 105  M22
J2        , 106  AB20
J2        , 107  ""
J2        , 108  ""
J2        , 109  J21
J2        , 110  Y14
J2        , 111  J22
J2        , 112  Y15
J2        , 113  ""
J2        , 114  ""
J2        , 115  R21
J2        , 116  L21
J2        , 117  R22
J2        , 118  L22
J2        , 119  ""
J2        , 120  ""
J2        , 121  F21
J2        , 122  V14
J2        , 123  F22
J2        , 124  U14
J2        , 125  ""
J2        , 126  ""
J2        , 127  H21
J2        , 128  W17
J2        , 129  H22
J2        , 130  Y17
J2        , 131  ""
J2        , 132  ""
J2        , 133  E21
J2        , 134  P21
J2        , 135  E22
J2        , 136  P22
J2        , 137  ""
J2        , 138  ""
J2        , 139  F19
J2        , 140  U16
J2        , 141  F20
J2        , 142  U17
J2        , 143  ""
J2        , 144  ""
J2        , 145  D21
J2        , 146  T14
J2        , 147  D22
J2        , 148  T15
J2        , 149  ""
J2        , 150  ""
J2        , 151  C21
J2        , 152  N19
J2        , 153  C22
J2        , 154  N20
J2        , 155  ""
J2        , 156  ""
J2        , 157  B21
J2        , 158  N18
J2        , 159  B22
J2        , 160  N17
J2        , 161  ""
J2        , 162  ""
J2        , 163  D20
J2        , 164  R14
J2        , 165  C20
J2        , 166  R15
J2        , 167  ""
J2        , 168  ""
J2        , 169  G17
J2        , 170  U15
J2        , 171  F17
J2        , 172  V15
J2        , 173  ""
J2        , 174  ""
J2        , 175  K21
J2        , 176  J18
J2        , 177  K22
J2        , 178  J17
J2        , 179  ""
J2        , 180  ""
J1        , 0    ""
J1        , 1    ""
J1        , 2    ""
J1        , 3    ""
J1        , 4    ""
J1        , 5    ""
J1        , 6    ""
J1        , 7    ""
J1        , 8    ""
J1        , 9    ""
J1        , 10   ""
J1        , 11   ""
J1        , 12   ""
J1        , 13   ""
J1        , 14   ""
J1        , 15   ""
J1        , 16   ""
J1        , 17   ""
J1        , 18   ""
J1        , 19   ""
J1        , 20   ""
J1        , 21   ""
J1        , 22   ""
J1        , 23   ""
J1        , 24   ""
J1        , 25   ""
J1        , 26   ""
J1        , 27   ""
J1        , 28   ""
J1        , 29   G1
J1        , 30   ""
J1        , 31   ""
J1        , 32   ""
J1        , 33   ""
J1        , 34   ""
J1        , 35   B11
J1        , 36   ""
J1        , 37   ""
J1        , 38   ""
J1        , 39   ""
J1        , 40   ""
J1        , 41   ""
J1        , 42   ""
J1        , 43   AA3
J1        , 44   ""
J1        , 45   AB3
J1        , 46   ""
J1        , 47   ""
J1        , 48   ""
J1        , 49   W8
J1        , 50   U10
J1        , 51   ""
J1        , 52   ""
J1        , 53   ""
J1        , 54   ""
J1        , 55   ""
J1        , 56   ""
J1        , 57   V10
J1        , 58   T21
J1        , 59   ""
J1        , 60   ""
J1        , 61   U9
J1        , 62   V8
J1        , 63   Y3
J1        , 64   Y6
J1        , 65   ""
J1        , 66   ""
J1        , 67   L6
J1        , 68   V6
J1        , 69   M6
J1        , 70   V5
J1        , 71   ""
J1        , 72   ""
J1        , 73   M2
J1        , 74   U7
J1        , 75   M1
J1        , 76   U8
J1        , 77   ""
J1        , 78   ""
J1        , 79   M4
J1        , 80   W6
J1        , 81   M3
J1        , 82   V7
J1        , 83   ""
J1        , 84   ""
J1        , 85   N2
J1        , 86   AA5
J1        , 87   N1
J1        , 88   AA6
J1        , 89   ""
J1        , 90   ""
J1        , 91   P2
J1        , 92   AB6
J1        , 93   P1
J1        , 94   AB5
J1        , 95   ""
J1        , 96   ""
J1        , 97   R2
J1        , 98   W7
J1        , 99   R1
J1        , 100  Y7
J1        , 101  ""
J1        , 102  ""
J1        , 103  P4
J1        , 104  AA7
J1        , 105  P3
J1        , 106  AB7
J1        , 107  ""
J1        , 108  ""
J1        , 109  U2
J1        , 110  AA8
J1        , 111  U1
J1        , 112  AB8
J1        , 113  ""
J1        , 114  ""
J1        , 115  R19
J1        , 116  AA1
J1        , 117  R18
J1        , 118  Y8
J1        , 119  ""
J1        , 120  ""
J1        , 121  V2
J1        , 122  T10
J1        , 123  V1
J1        , 124  T11
J1        , 125  ""
J1        , 126  ""
J1        , 127  R4
J1        , 128  AA9
J1        , 129  R3
J1        , 130  AB9
J1        , 131  ""
J1        , 132  ""
J1        , 133  W2
J1        , 134  W10
J1        , 135  W1
J1        , 136  Y10
J1        , 137  ""
J1        , 138  ""
J1        , 139  Y2
J1        , 140  U11
J1        , 141  Y1
J1        , 142  V11
J1        , 143  ""
J1        , 144  ""
J1        , 145  N7
J1        , 146  AA10
J1        , 147  P7
J1        , 148  AB10
J1        , 149  ""
J1        , 150  ""
J1        , 151  P6
J1        , 152  P17
J1        , 153  R5
J1        , 154  R17
J1        , 155  ""
J1        , 156  ""
J1        , 157  U19
J1        , 158  T19
J1        , 159  U20
J1        , 160  T20
J1        , 161  ""
J1        , 162  ""
J1        , 163  Y21
J1        , 164  V21
J1        , 165  Y22
J1        , 166  V22
J1        , 167  ""
J1        , 168  ""
J1        , 169  W21
J1        , 170  U21
J1        , 171  W22
J1        , 172  U22
J1        , 173  ""
J1        , 174  ""
J1        , 175  T5
J1        , 176  N5
J1        , 177  R6
J1        , 178  P5
J1        , 179  ""
J1        , 180  ""
